FREQUENZA [Hz],FREQ_err [Hz],V_IN [V],V_IN_err [V],V_OUT [V],V_OUT_err [V],G = V_OUT/V_IN,G_err
0.73,1,3.55,0.1,7.6,0.1,2.140845070422535,0.06656009370959456
3.63,1,3.56,0.1,7.52,0.1,2.1123595505617976,0.06564903542237832
1398.0,100,3.51,0.1,7.6,0.1,2.1652421652421654,0.06794900842778422
8300.0,100,3.63,0.1,7.6,0.1,2.09366391184573,0.06391795220997017
21300.0,100,3.53,0.1,7.44,0.1,2.107648725212465,0.06608636599646162
