,Frequenza di taglio (Hz),Errore (Hz)
Teorica,1624.0300315499528,16.32463103264384
Sperimentale,1645.0,1.0
Fit,1629.777265371346,inf
