,Frequenza di taglio (Hz),Errore (Hz)
Teorica,1624.0300315499528,163.21960734447526
Sperimentale,1645.0,10.0
Fit,1629.777265371346,inf
