Scala,T,T err
0.5 s,1.24,0.0016666666666666668
1s,1.2377777777777779,0.0011111111111111111
2s 1째 prova,1.24,0.0022222222222222222
2s 2째 prova,1.24,0.0022222222222222222
2s 3째 prova,1.24,0.0022222222222222222
2s 4째prova,1.24,0.0022222222222222222
