FREQUENZA [Hz],FREQ_err [Hz],V_IN [V],V_IN_err [V],V_OUT [V],V_OUT_err [V],G = V_OUT/V_IN,G_err
167,1,3.11,0.01,3.16,0.01,1.0160771704180065,0.004584010179847189
27600,100,2.98,0.01,3.16,0.01,1.0604026845637584,0.004891109513239927
49000,100,2.98,0.01,3.16,0.01,1.0604026845637584,0.004891109513239927
64800,100,3.1,0.01,2.88,0.01,0.9290322580645161,0.00440307920886114
96600,100,3.39,0.01,2.12,0.01,0.6253687315634219,0.0034791832162030614
189900,100,3.47,0.01,1.2,0.01,0.34582132564841495,0.0030493023888591006
347700,100,3.47,0.01,0.8,0.01,0.23054755043227665,0.00295744099967677
838600,100,3.57,0.01,0.8,0.01,0.22408963585434175,0.0028705897726536388
