FREQUENZA [Hz],FREQ_err [Hz],V_IN [V],V_IN_err [V],V_OUT [V],V_OUT_err [V],G = V_OUT/V_IN,G_err
173,1,2.47,0.1,5.52,0.1,2.234817813765182,0.09912342339470387
2152,1,2.34,0.1,5.52,0.1,2.358974358974359,0.10949481903778924
18600,100,2.4,0.1,5.52,0.1,2.3,0.10449946836653712
30700,100,3.11,0.1,3.68,0.1,1.1832797427652735,0.049814857122293416
32700,100,2.56,0.1,5.4,0.1,2.109375,0.09118783074071254
54300,100,2.47,0.1,5.48,0.1,2.2186234817813766,0.09852532754423801
102900,100,3.27,0.1,2.08,0.1,0.636085626911315,0.036243434096810086
242500,100,3.3,0.1,1.08,0.1,0.3272727272727273,0.03188459789802819
760400,100,3.43,0.1,1.12,0.1,0.326530612244898,0.03066942100043999
