FREQUENZA [Hz],FREQ_err [Hz],V_IN [V],V_IN_err [V],V_OUT [V],V_OUT_err [V],G = V_OUT/V_IN,G_err
217,10,2.95,0.04,1.44,0.04,0.48813559322033895,0.015088524271731052
5900,10,3.16,0.04,1.4,0.04,0.4430379746835443,0.013844899584828037
57100,100,3.11,0.04,1.48,0.04,0.4758842443729904,0.01424384785045194
76700,100,3.06,0.04,1.48,0.04,0.48366013071895425,0.014520558471258653
118700,100,3.28,0.04,1.32,0.04,0.4024390243902439,0.013145624037803363
125600,100,3.12,0.04,1.32,0.04,0.4230769230769231,0.013920704352557302
203100,100,3.35,0.04,0.96,0.04,0.28656716417910444,0.012420899408282584
341800,100,3.37,0.04,0.84,0.04,0.2492581602373887,0.012232602197298386
516000,100,3.44,0.04,0.8,0.04,0.23255813953488375,0.011938204464382972
