FREQUENZA (Hz),FREQ_err (Hz),V_IN (V),V_IN_err (V),V_OUT (V),V_OUT_err (V),G = V_OUT/V_IN,G_err
173,1,2.47,0.01,5.52,0.01,2.234817813765182,0.009912342339470385
2152,1,2.34,0.01,5.52,0.01,2.358974358974359,0.010949481903778924
18600,100,2.4,0.01,5.52,0.01,2.3,0.010449946836653711
30400,100,2.48,0.01,5.41,0.01,2.181451612903226,0.009676353385039992
32700,100,2.56,0.01,5.4,0.01,2.109375,0.009118783074071254
54300,100,2.47,0.01,5.48,0.01,2.2186234817813766,0.0098525327544238
102900,100,3.27,0.01,2.08,0.01,0.636085626911315,0.0036243434096810082
242500,100,3.3,0.01,1.08,0.01,0.3272727272727273,0.003188459789802818
740800,100,3.36,0.01,0.68,0.01,0.2023809523809524,0.003036528324980985
