FREQUENZA [Hz],FREQ_err [Hz],V_IN [V],V_IN_err [V],V_OUT [V],V_OUT_err [V],G = V_OUT/V_IN,G_err
217,1,2.95,0.1,1.44,0.1,0.48813559322033895,0.03772131067932764
57100,100,3.11,0.1,1.48,0.1,0.4758842443729904,0.03560961962612985
76700,100,3.06,0.1,1.48,0.1,0.48366013071895425,0.03630139617814663
118700,100,3.28,0.1,1.32,0.1,0.4024390243902439,0.03286406009450841
125500,100,3.73,0.1,2.12,0.1,0.5683646112600537,0.030837373546581334
203100,100,3.35,0.1,0.96,0.1,0.28656716417910444,0.031052248520706458
341800,100,3.37,0.1,0.84,0.1,0.2492581602373887,0.030581505493245967
516000,100,3.44,0.1,0.8,0.1,0.23255813953488375,0.029845511160957433
516000,100,3.44,0.1,0.8,0.1,0.23255813953488375,0.029845511160957433
