FREQUENZA [Hz],FREQ_err [Hz],V_IN [V],V_IN_err [V],V_OUT [V],V_OUT_err [V],G = V_OUT/V_IN,G_err
217,1,2.95,0.01,1.44,0.01,0.48813559322033895,0.003772131067932763
5900,1,3.16,0.01,1.4,0.01,0.4430379746835443,0.0034612248962070094
57100,100,3.11,0.01,1.48,0.01,0.4758842443729904,0.003560961962612985
76700,100,3.06,0.01,1.48,0.01,0.48366013071895425,0.0036301396178146633
118700,100,3.28,0.01,1.32,0.01,0.4024390243902439,0.0032864060094508407
125600,100,3.12,0.01,1.32,0.01,0.4230769230769231,0.0034801760881393255
203100,100,3.35,0.01,0.96,0.01,0.28656716417910444,0.003105224852070646
341800,100,3.37,0.01,0.84,0.01,0.2492581602373887,0.0030581505493245966
516000,100,3.44,0.01,0.8,0.01,0.23255813953488375,0.002984551116095743
