FREQUENZA [Hz],FREQ_err [Hz],V_IN [V],V_IN_err [V],V_OUT [V],V_OUT_err [V],G = V_OUT/V_IN,G_err
27.6,1,2.98,0.1,3.16,0.1,1.0604026845637584,0.04891109513239928
167.0,1,3.11,0.1,3.16,0.1,1.0160771704180065,0.0458401017984719
49000.0,100,2.98,0.1,3.16,0.1,1.0604026845637584,0.04891109513239928
64800.0,100,3.1,0.1,2.88,0.1,0.9290322580645161,0.0440307920886114
96600.0,100,3.39,0.1,2.12,0.1,0.6253687315634219,0.03479183216203062
189900.0,100,3.47,0.1,1.2,0.1,0.34582132564841495,0.030493023888591007
347700.0,100,3.47,0.1,0.8,0.1,0.23054755043227665,0.029574409996767706
838600.0,100,3.57,0.1,0.8,0.1,0.22408963585434175,0.02870589772653639
